akrockefeller,VeronicaKoman
akrockefeller,whenstebay
mudjib_trisatya,VeronicaKoman
moelugm,VeronicaKoman
algtsar,VeronicaKoman
amiryogi,diyahensem__
amiryogi,amiryogi
amiryogi,ASEAN
amiryogi,amiryogi
amiryogi,ASEAN
amiryogi,BukhariBentzly
amiryogi,amiryogi
amiryogi,amiryogi
amiryogi,VeronicaKoman
amiryogi,jawasundaa
amiryogi,ASEAN
amiryogi,F10qah
amiryogi,hanluthfyy
amiryogi,ASEAN
amiryogi,VeronicaKoman
amiryogi,jawasundaa
amiryogi,amiryogi
amiryogi,jayapuraupdate
amiryogi,VeronicaKoman
amiryogi,VeronicaKoman
amiryogi,amiryogi
amiryogi,ArnoldBelau
amiryogi,atjehsultanate
amiryogi,VeronicaKoman
amiryogi,diyahensem__
amiryogi,AhmadTongkeng
amiryogi,IncLitia
amiryogi,rohingyablogger
amiryogi,FreeWestPapua
amiryogi,atjehsultanate
amiryogi,VeronicaKoman
amiryogi,Refugees
amiryogi,EU_Commission
amiryogi,VeronicaKoman
amiryogi,nelsonferish
amiryogi,jawasundaa
amiryogi,amiryogi
amiryogi,jawasundaa
amiryogi,VeronicaKoman
amiryogi,ASEAN
amiryogi,oscarvalentino7
amiryogi,amiryogi
amiryogi,amiryogi
amiryogi,VeronicaKoman
amiryogi,nelsonferish
amiryogi,jawasundaa
amiryogi,ASEAN
RumahAMAN,VeronicaKoman
JakaWiradinata,VeronicaKoman
MRzkyN,VeronicaKoman
labiebfahmi17,VeronicaKoman
VeronicaKoman,nelsonferish
VeronicaKoman,jawasundaa
VeronicaKoman,jawasundaa
VeronicaKoman,vyeimo
MalvaSelena,ellreborn
MalvaSelena,kangdede78
MalvaSelena,aniesbaswedan
MalvaSelena,smh
gus_von_diajie,ellreborn
gus_von_diajie,kangdede78
gus_von_diajie,aniesbaswedan
gus_von_diajie,smh
JannesHutajulu,ellreborn
JannesHutajulu,kangdede78
JannesHutajulu,aniesbaswedan
JannesHutajulu,smh
ebongBOY,ellreborn
ebongBOY,kangdede78
ebongBOY,aniesbaswedan
ebongBOY,smh
DiniHrdianti,ellreborn
DiniHrdianti,kangdede78
DiniHrdianti,aniesbaswedan
DiniHrdianti,smh
ellreborn,kangdede78
ellreborn,aniesbaswedan
ellreborn,smh
Abe_TSFE,VeronicaKoman
Abe_TSFE,jawasundaa
anthraxxxx,amiryogi
anthraxxxx,ASEAN
Bonom99,TekegeIpouga
Bonom99,ArnoldBelau
Yance_Yobee,RicoTude
yuda_ramadhani,ArnoldBelau
yaya__nh,ArnoldBelau
akuluka,ArnoldBelau
lilscorpiorn,ArnoldBelau
westpapuamedia,ArnoldBelau
sang_alang,vyeimo
Latte_Bogan,sallytolerton
Latte_Bogan,drobwlldiad
Latte_Bogan,skyeakbar
Papuanise,NakulaBroSadewa
kuninggemilang,vyeimo
rncanty,vyeimo
sugvu,vyeimo
Vio_Ramadhana12,vyeimo
robongholo,Sakunar
robongholo,IIchsani
robongholo,VeronicaKoman
robongholo,vyeimo
diahaha_,vyeimo
rindisharifa,vyeimo
AlFatih24678932,vyeimo
itsmeperdi,vyeimo
aimarnst,NataliusPigai2
thehoelygrail,vyeimo
Dz347,vyeimo
lulukwidyas,vyeimo
IlhamMP12,vyeimo
krisnaputro,vyeimo
artya_kurniawan,vyeimo
agnowlmnsyh,vyeimo
CarikeadilanDi,NataliusPigai2
Silmi__Q_A,NataliusPigai2
JoePhiyo,vyeimo
jalu_jazz,NataliusPigai2
WestPapuaStar,WestPapua1961
TiyoMarte,vyeimo
jhon_hancock77,NataliusPigai2
WenePapua1,vyeimo
almagest369,vyeimo
bibin_bey,NataliusPigai2
ChannelMilitary,NataliusPigai2
ziqraalridho,vyeimo
MaskuMasku1,NataliusPigai2
fauzi0716,NataliusPigai2
ChristWamea,NataliusPigai2
memetVlcn,vyeimo
Zamanimarwan1,NataliusPigai2
SemboyanR,NataliusPigai2
agung_faysm,NataliusPigai2
nyak_ih_meutuah,NataliusPigai2
abyalif74_noni,NataliusPigai2
albertsamuel28,whenstebay
albertsamuel28,vyeimo
FelipeSwanstAU,NataliusPigai2
Ars_sand,NataliusPigai2
coretanditoilet,vyeimo
Ardi01879,NataliusPigai2
BlackLewa,vyeimo
BlackLewa,whenstebay
agungfatah,vyeimo
salamakalsehat,NataliusPigai2
idayu_wien,NataliusPigai2
D4D4NGLH,NataliusPigai2
hadijah2007,NataliusPigai2
mangdiman07,NataliusPigai2
68Afz,NataliusPigai2
NataliusPigai2,jokowi
NataliusPigai2,mohmahfudmd
RonyAritonang3,vyeimo
bedlamfury,whenstebay
ITS_News_Alerts,whenstebay
Ronizukipurnama,vyeimo
_kittygal,vyeimo
RozalinaZ,vyeimo
AdoelDian,vyeimo
pitsky_,vyeimo
slowburninfuse,vyeimo
rfnsvl,vyeimo
saladays666,vyeimo
ebithEBITH,vyeimo
fyahlite,PurePapua
whenstebay,vyeimo
PurePapua,vyeimo
